{
  "paths": {
    "taskFolder": "Tasks",
    "crFolder": "Change Requests"
  },
  "statusConfig": {
    "statuses": [
      "Backlog",
      "Blocked",
      "In Progress",
      "Review",
      "Unit Testing",
      "Completed"
    ],
    "completedPattern": "^(completed|done)$",
    "inProgressPattern": "in\\s*progress"
  },
  "gridConfig": {
    "columnWidths": {
      "status": 124,
      "priority": 120,
      "startDate": 152.20833587646484,
      "endDate": 154.70833587646484,
      "crNumber": 164.70833587646484,
      "taskNumber": 124.70833587646484,
      "archived": 91.5625,
      "notes": 507.5729217529297,
      "title": 361.16668701171875,
      "designer": 183,
      "developer": 197,
      "service": 159
    },
    "minColumnWidth": 50,
    "defaultColumnWidth": 120,
    "characterWidthPixels": 8,
    "columnPadding": 40,
    "visibleColumns": [
      "crNumber",
      "taskNumber",
      "title",
      "service",
      "status",
      "priority",
      "designer",
      "developer",
      "startDate",
      "endDate",
      "notes"
    ],
    "showArchived": false
  },
  "filterFields": [
    "crNumber",
    "taskNumber",
    "title",
    "service",
    "status",
    "priority",
    "designer",
    "developer",
    "startDate",
    "endDate",
    "notes"
  ],
  "priorities": [
    "Urgent",
    "High",
    "Medium",
    "Low"
  ],
  "defaultPriority": "Medium",
  "fieldPatterns": {
    "crNumberPattern": "^CR-\\d+$",
    "taskNumberPattern": "^T-\\d+$"
  },
  "templateConfig": {
    "fields": [
      {
        "key": "title",
        "label": "Title",
        "type": "text",
        "required": true
      },
      {
        "key": "status",
        "label": "Status",
        "type": "status",
        "required": true,
        "useValues": "statuses"
      },
      {
        "key": "priority",
        "label": "Priority",
        "type": "status",
        "required": true,
        "useValues": "priorities",
        "default": "Medium"
      },
      {
        "key": "designer",
        "label": "Designer",
        "type": "people"
      },
      {
        "key": "developer",
        "label": "Developer",
        "type": "people"
      },
      {
        "key": "startDate",
        "label": "Start Date",
        "type": "date"
      },
      {
        "key": "endDate",
        "label": "End Date",
        "type": "date"
      },
      {
        "key": "tags",
        "label": "Tags",
        "type": "tags"
      },
      {
        "key": "crNumber",
        "label": "CR Number",
        "type": "text"
      },
      {
        "key": "taskNumber",
        "label": "Task Number",
        "type": "text"
      },
      {
        "key": "service",
        "label": "Service",
        "type": "text"
      },
      {
        "key": "notes",
        "label": "Notes",
        "type": "freetext"
      }
    ],
    "crFields": [
      {
        "key": "number",
        "label": "CR Number",
        "type": "text"
      },
      {
        "key": "title",
        "label": "Title",
        "type": "text"
      },
      {
        "key": "priority",
        "label": "Priority",
        "type": "status"
      },
      {
        "key": "plannedStart",
        "label": "Planned start date",
        "type": "date"
      },
      {
        "key": "plannedEnd",
        "label": "Planned end date",
        "type": "date"
      },
      {
        "key": "emailSubject",
        "label": "Email Subject",
        "type": "text"
      },
      {
        "key": "solutionDesign",
        "label": "Solution design link",
        "type": "url"
      },
      {
        "key": "description",
        "label": "Description",
        "type": "freetext"
      }
    ]
  },
  "taskFilenameFormat": "{{crNumber}} {{taskNumber}} - {{title}} - {{service}}.md",
  "crFilenameFormat": "{{number}} - {{title}}.md",
  "lastActiveTab": "grid",
  "people": [
    "Mina Talaat Hakim",
    "Ahmed Mohamed Hussien Abdelaal",
    "Nada Fathy",
    "Nada Fathy",
    "Nada Fathy",
    "Nada Fathy",
    "Test",
    "Test2",
    "Test 5",
    "Test 6"
  ],
  "filterState": {}
}